"store_type","total_sales","percentage_total_sales","order_count"
"Local",2256021.849930536,65.03057383393256,"78409"
"Mall Kiosk",378891.43141607917,10.921670464541997,"13142"
"Outlet",273030.65045762516,7.870198541764088,"9207"
"Super Store",560670.3784694937,16.161508561932575,"19276"
"Web Portal",556.7533119872246,0.016048597828778342,"43"
